<?xml version="1.0" encoding="UTF-8" ?>
<!DOCTYPE mapper PUBLIC "-//mybatis.org//DTD Mapper 3.0//EN" "http://mybatis.org/dtd/mybatis-3-mapper.dtd" >
<mapper namespace="com.tortuousroad.admin.security.entity.AdminUserMapper">

	<resultMap id="BaseResultMap" type="com.tortuousroad.admin.security.entity.AdminUser">
		<id column="id" property="id" jdbcType="INTEGER" />
		<result column="name" property="name" jdbcType="VARCHAR" />
		<result column="password" property="password" jdbcType="VARCHAR" />
		<result column="create_time" property="createTime" jdbcType="TIMESTAMP" />
		<result column="update_time" property="updateTime" jdbcType="TIMESTAMP" />
	</resultMap>
	
	<sql id="Base_Column_List">
		id, name, password, create_time, update_time
	</sql>
	
	<select id="findPage" resultMap="BaseResultMap">
		SELECT <include refid="Base_Column_List"/> FROM admin_user 
		where 1 = 1 
		<if test="name != null">   
        	and name like '%' #{name,jdbcType=VARCHAR} '%'
    	</if> 
	</select>
	
	<select id="countPage" resultType="java.lang.Long" parameterType="java.lang.String">
		SELECT count(*) FROM admin_user 
		where 1 = 1 
		<if test="name != null">   
        	and name like '%' #{name,jdbcType=VARCHAR} '%'
    	</if> 
	</select>
	 
	<select id="selectAdminUserByName" resultMap="BaseResultMap" parameterType="java.util.Map">
		select
			<include refid="Base_Column_List"/>
		from 
			admin_user	
		where
			1 = 1
			<if test="name != null">   
	        	and name = #{name,jdbcType=VARCHAR}
	    	</if> 
	</select>
	
	<insert id="insertAdminUser" parameterType="com.tortuousroad.admin.security.entity.AdminUser">
		<selectKey resultType="java.lang.Integer" keyProperty="id" order="AFTER">
			SELECT LAST_INSERT_ID()
		</selectKey>
		insert into admin_user
		<trim prefix="(" suffix=")" suffixOverrides=",">
			<if test="name != null">
				name,
			</if>
			<if test="password != null">
				password,
			</if>
			<if test="createTime != null">
				create_time,
			</if>
			<if test="updateTime != null">
				update_time,
	    	</if>
		</trim>
		<trim prefix="values (" suffix=")" suffixOverrides=",">
			<if test="name != null">
				#{name,jdbcType=VARCHAR},
			</if>
			<if test="password != null">
				#{password,jdbcType=VARCHAR},
			</if>
			<if test="createTime != null">
	        	#{createTime,jdbcType=TIMESTAMP}
	    	</if>
			<if test="updateTime != null">
				#{updateTime,jdbcType=TIMESTAMP}
			</if>
		</trim>
	</insert>
	
	<update id="update" parameterType="com.tortuousroad.admin.security.entity.AdminUser">
		update admin_user
		<set>
			<if test="name != null">
				name = #{name,jdbcType=VARCHAR},
			</if>
			<if test="password != null">
                password = #{password,jdbcType=VARCHAR},
            </if>
			<if test="updateTime != null">
	        	update_time = #{updateTime,jdbcType=TIMESTAMP},
	    	</if>
		</set>
		where id = #{id,jdbcType=BIGINT}
	</update>

	<delete id="deleteById" parameterType="java.lang.Long">
		delete from admin_user
		where id = #{id,jdbcType=BIGINT}
	</delete>
	
	<select id="selectAll" resultMap="BaseResultMap">
		select
			<include refid="Base_Column_List"/>
		from 
			admin_user	
	</select>
	
</mapper>