<?xml version="1.0" encoding="UTF-8" ?>
<!DOCTYPE mapper PUBLIC "-//mybatis.org//DTD Mapper 3.0//EN" "http://mybatis.org/dtd/mybatis-3-mapper.dtd" >
<mapper namespace="com.tortuousroad.user.entity.UserBasicInfoMapper">
	<resultMap id="BaseResultMap" type="com.tortuousroad.user.entity.UserBasicInfo">
		<id column="id" property="id" jdbcType="BIGINT" />
		<result column="nickname" property="nickname" jdbcType="VARCHAR" />
		<result column="real_name" property="realName" jdbcType="VARCHAR" />
		<result column="mail" property="mail" jdbcType="VARCHAR" />
		<result column="phone" property="phone" jdbcType="VARCHAR" />
		<result column="create_time" property="createTime" jdbcType="TIMESTAMP" />
		<result column="update_time" property="updateTime" jdbcType="TIMESTAMP" />
	</resultMap>
	<sql id="Base_Column_List">
		id, nickname, real_name, mail, phone, create_time, update_time
	</sql>
	<select id="selectByPrimaryKey" resultMap="BaseResultMap"
		parameterType="java.lang.Integer">
		select
		<include refid="Base_Column_List" />
		from user_basic_info
		where id = #{id,jdbcType=BIGINT}
	</select>
	<insert id="insertSelective" parameterType="com.tortuousroad.user.entity.UserBasicInfo" useGeneratedKeys="true" keyProperty="id">
		<selectKey resultType="java.lang.Long" keyProperty="id" order="AFTER">
			SELECT LAST_INSERT_ID()
		</selectKey>
		insert into user_basic_info
		<trim prefix="(" suffix=")" suffixOverrides=",">
			<if test="id != null">
				id,
			</if>
			<if test="nickname != null">
				nickname,
			</if>
			<if test="realName != null">
				real_name,
			</if>
			<if test="mail != null">
				mail,
			</if>
			<if test="phone != null">
				phone,
			</if>
			<if test="createTime != null">
				create_time,
			</if>
			<if test="updateTime != null">
				update_time,
			</if>
		</trim>
		<trim prefix="values (" suffix=")" suffixOverrides=",">
			<if test="id != null">
				#{id,jdbcType=INTEGER},
			</if>
			<if test="nickname != null">
				#{nickname,jdbcType=VARCHAR},
			</if>
			<if test="realName != null">
				#{realName,jdbcType=VARCHAR},
			</if>
			<if test="mail != null">
				#{mail,jdbcType=VARCHAR},
			</if>
			<if test="phone != null">
				#{phone,jdbcType=VARCHAR},
			</if>
			<if test="createTime != null">
				#{createTime,jdbcType=TIMESTAMP},
			</if>
			<if test="updateTime != null">
				#{updateTime,jdbcType=TIMESTAMP},
			</if>
		</trim>
	</insert>
	<update id="updateByPrimaryKeySelective" parameterType="com.tortuousroad.user.entity.UserBasicInfo">
		update user_basic_info
		<set>
			<if test="nickname != null">
				nickname = #{nickname,jdbcType=VARCHAR},
			</if>
			<if test="realName != null">
				real_name = #{realName,jdbcType=VARCHAR},
			</if>
			<if test="mail != null">
				mail = #{mail,jdbcType=VARCHAR},
			</if>
			<if test="phone != null">
				phone = #{phone,jdbcType=VARCHAR},
			</if>
			<if test="updateTime != null">
				update_time = #{updateTime,jdbcType=TIMESTAMP},
			</if>
		</set>
		where id = #{id,jdbcType=INTEGER}
	</update>

</mapper>