<?xml version="1.0" encoding="UTF-8" ?>
<!DOCTYPE mapper PUBLIC "-//mybatis.org//DTD Mapper 3.0//EN" "http://mybatis.org/dtd/mybatis-3-mapper.dtd" >
<mapper namespace="com.tortuousroad.support.area.entity.AreaMapper">
    <resultMap id="BaseResultMap" type="com.tortuousroad.support.area.entity.Area">
        <id column="id" property="id" jdbcType="BIGINT" />
        <id column="name" property="name" jdbcType="VARCHAR" />
        <id column="parent_id" property="parentId" jdbcType="BIGINT" />
        <id column="common" property="common" jdbcType="INTEGER" />
        <id column="type" property="type" jdbcType="VARCHAR" />
        <result column="create_time" property="createTime" jdbcType="TIMESTAMP" />
        <result column="update_time" property="updateTime" jdbcType="TIMESTAMP" />
    </resultMap>

    <!-- 查询字段列表 -->
    <sql id="Base_Column_List">
        id,name,parent_id,common,type,create_time,update_time
    </sql>

    <select id="selectByParentId" resultMap="BaseResultMap" parameterType="java.lang.Long">
        select
        <include refid="Base_Column_List" />
        from area
        where parent_id = #{parentId,jdbcType=INTEGER}
    </select>

    <select id="selectByName" resultMap="BaseResultMap" parameterType="java.lang.Long">
        select
        <include refid="Base_Column_List" />
        from area
        where name = #{name,jdbcType=VARCHAR}
    </select>

    <insert id="insertSelective" parameterType="com.tortuousroad.support.area.entity.Area">
        insert into area
        <trim prefix="(" suffix=")" suffixOverrides=",">
            <if test="id != null">
                id,
            </if>
            <if test="name != null">
                name,
            </if>
            <if test="parentId != null">
                parent_id,
            </if>
            <if test="common != null">
                common,
            </if>
            <if test="type != null">
                type,
            </if>
            <if test="createTime != null">
                create_time,
            </if>
            <if test="updateTime != null">
                update_time,
            </if>
        </trim>
        <trim prefix="values (" suffix=")" suffixOverrides=",">
            <if test="id != null">
                #{id,jdbcType=BIGINT},
            </if>
            <if test="name != null">
                #{name,jdbcType=VARCHAR},
            </if>
            <if test="parentId != null">
                #{parentId,jdbcType=INTEGER},
            </if>
            <if test="common != null">
                #{common,jdbcType=INTEGER},
            </if>
            <if test="type != null">
                #{type,jdbcType=VARCHAR},
            </if>
            <if test="createTime != null">
                #{createTime,jdbcType=TIMESTAMP},
            </if>
            <if test="updateTime != null">
                #{updateTime,jdbcType=TIMESTAMP},
            </if>
        </trim>
    </insert>

    <update id="updateByPrimaryKeySelective" parameterType="com.tortuousroad.support.area.entity.Area">
        update area
        <set>
            <if test="name != null">
                name = #{name,jdbcType=VARCHAR},
            </if>
            <if test="parentId != null">
                parent_id = #{parentId,jdbcType=BIGINT},
            </if>
            <if test="common != null">
                common = #{common,jdbcType=INTEGER},
            </if>
            <if test="type != null">
                type = #{type,jdbcType=VARCHAR},
            </if>
            <if test="createTime != null">
                create_time = #{createTime,jdbcType=TIMESTAMP},
            </if>
            <if test="updateTime != null">
                update_time = #{updateTime,jdbcType=INTEGER},
            </if>
        </set>
        where id = #{id,jdbcType=INTEGER}
    </update>

    <delete id="deleteById" parameterType="java.lang.Long">
        delete from
        area
        where id = #{id,jdbcType=INTEGER}
    </delete>

    <select id="selectAll" resultMap="BaseResultMap">
        select
        <include refid="Base_Column_List" />
        from area
    </select>

    <select id="selectPage" resultMap="BaseResultMap">
        select
        <include refid="Base_Column_List" />
        from area where 1=1
        <if test="parentId != null">
            and parent_id = #{parentId,jdbcType=BIGINT}
        </if>
        order by id
    </select>
    <select id="countPage" resultType="java.lang.Long">
        select count(*)
        from area where 1=1
        <if test="parentId != null">
            and parent_id = #{parentId,jdbcType=BIGINT}
        </if>
    </select>
</mapper>