<?xml version="1.0" encoding="UTF-8" ?>
<!DOCTYPE mapper PUBLIC "-//mybatis.org//DTD Mapper 3.0//EN" "http://mybatis.org/dtd/mybatis-3-mapper.dtd" >
<mapper namespace="com.tortuousroad.support.favorite.entity.FavoriteMapper">
    <resultMap id="BaseResultMap" type="com.tortuousroad.support.favorite.entity.Favorite">
        <id column="id" property="id" jdbcType="BIGINT" />
        <id column="user_id" property="userId" jdbcType="BIGINT" />
        <id column="deal_id" property="dealId" jdbcType="BIGINT" />
        <id column="deal_sku_id" property="dealSkuId" jdbcType="BIGINT" />
        <result column="create_time" property="createTime" jdbcType="TIMESTAMP" />
        <result column="update_time" property="updateTime" jdbcType="TIMESTAMP" />
    </resultMap>

    <!-- 查询字段列表 -->
    <sql id="Base_Column_List">
        id, user_id, deal_id, deal_sku_id, create_time, update_time
    </sql>

    <!-- 根据UserID查询订单信息 -->
    <select id="selectByUserId" resultMap="BaseResultMap" parameterType="java.lang.Long">
        select
        <include refid="Base_Column_List" />
        from favorite
        where user_id = #{userId,jdbcType=BIGINT}
    </select>

    <!-- 新增商品描述 -->
    <insert id="insert" parameterType="com.tortuousroad.support.favorite.entity.Favorite">
        insert into favorite
        <trim prefix="(" suffix=")" suffixOverrides=",">
            <if test="id != null">
                id,
            </if>
            <if test="userId != null">
                user_id,
            </if>
            <if test="dealId != null">
                deal_id,
            </if>
            <if test="dealSkuId != null">
                deal_sku_id,
            </if>
            <if test="createTime != null">
                create_time,
            </if>
            <if test="updateTime != null">
                update_time,
            </if>
        </trim>
        <trim prefix="values (" suffix=")" suffixOverrides=",">
            <if test="id != null">
                #{id,jdbcType=BIGINT},
            </if>
            <if test="userId != null">
                #{userId,jdbcType=BIGINT},
            </if>
            <if test="dealId != null">
                #{dealId,jdbcType=BIGINT},
            </if>
            <if test="dealSkuId != null">
                #{dealSkuId,jdbcType=BIGINT},
            </if>
            <if test="createTime != null">
                #{createTime,jdbcType=TIMESTAMP},
            </if>
            <if test="updateTime != null">
                #{updateTime,jdbcType=TIMESTAMP},
            </if>
        </trim>
    </insert>

    <delete id="deleteById" parameterType="java.lang.Long">
        delete from
        favorite
        where id = #{id,jdbcType=BIGINT}
    </delete>
</mapper>