<?xml version="1.0" encoding="UTF-8" ?>
<!DOCTYPE mapper PUBLIC "-//mybatis.org//DTD Mapper 3.0//EN" "http://mybatis.org/dtd/mybatis-3-mapper.dtd" >
<mapper namespace="com.tortuousroad.groupon.merchant.entity.MerchantMapper">
	<resultMap id="BaseResultMap" type="com.tortuousroad.groupon.merchant.entity.Merchant">
		<id column="id" property="id" jdbcType="BIGINT" />
		<result column="name" property="name" jdbcType="VARCHAR" />
		<result column="description" property="description" jdbcType="VARCHAR" />
		<result column="image_id" property="imageId" jdbcType="BIGINT" />
		<result column="level" property="level" jdbcType="INTEGER" />
		<result column="hot_level" property="hotLevel" jdbcType="INTEGER" />
		<result column="status" property="status" jdbcType="INTEGER" />
		<result column="create_time" property="createTime" jdbcType="TIMESTAMP" />
		<result column="update_time" property="updateTime" jdbcType="TIMESTAMP" />
		<result column="url" property="url" jdbcType="VARCHAR" />
	</resultMap>
	<sql id="Base_Column_List">
		id, name, description, image_id, level, hot_level, status, create_time, update_time, url
	</sql>

	<insert id="insertSelective" parameterType="com.tortuousroad.groupon.merchant.entity.Merchant">
		<selectKey resultType="java.lang.Long" keyProperty="id" order="AFTER">
			SELECT LAST_INSERT_ID()
		</selectKey>
		insert into merchant
		<trim prefix="(" suffix=")" suffixOverrides=",">
			<if test="name != null">
				name,
			</if>
			<if test="description != null">
				description,
			</if>
			<if test="imageId != null">
				image_id,
			</if>
			<if test="level != null">
				level,
			</if>
			<if test="hotLevel != null">
				hot_level,
			</if>
			<if test="status != null">
				status,
			</if>
			<if test="url != null">
				url,
			</if>
			<if test="createTime != null">
				create_time,
			</if>
			<if test="updateTime != null">
				update_time,
			</if>
		</trim>
		<trim prefix="values (" suffix=")" suffixOverrides=",">
			<if test="name != null">
				#{name,jdbcType=VARCHAR},
			</if>
			<if test="description != null">
				#{description,jdbcType=VARCHAR},
			</if>
			<if test="imageId != null">
				#{imageId,jdbcType=BIGINT},
			</if>
			<if test="level != null">
				#{level,jdbcType=INTEGER},
			</if>
			<if test="hotLevel != null">
				#{hotLevel,jdbcType=INTEGER},
			</if>
			<if test="status != null">
				#{status,jdbcType=INTEGER},
			</if>
			<if test="url != null">
				#{url,jdbcType=VARCHAR},
			</if>
			<if test="createTime != null">
				#{createTime,jdbcType=TIMESTAMP},
			</if>
			<if test="updateTime != null">
				#{updateTime,jdbcType=TIMESTAMP},
			</if>
		</trim>
	</insert>
	
	<select id="selectPageMerchant" resultMap="BaseResultMap">
		SELECT <include refid="Base_Column_List"/> FROM merchant 
		ORDER BY create_time desc
	</select>
	
	<select id="countPageMerchant" resultType="java.lang.Long">
		SELECT count(*) FROM merchant 
	</select>
	
	<select id="selectAll" resultMap="BaseResultMap">
		SELECT <include refid="Base_Column_List"/> FROM merchant ORDER BY name
	</select>
	
	<select id="selectById" resultMap="BaseResultMap">
		SELECT <include refid="Base_Column_List"/> FROM merchant where id = #{id,jdbcType=BIGINT}
	</select>
</mapper>