<?xml version="1.0" encoding="UTF-8" ?>
<!DOCTYPE mapper PUBLIC "-//mybatis.org//DTD Mapper 3.0//EN" "http://mybatis.org/dtd/mybatis-3-mapper.dtd" >
<mapper namespace="com.tortuousroad.admin.security.entity.AdminFunctionMapper" >
	<resultMap id="BaseResultMap" type="com.tortuousroad.admin.security.entity.AdminFunction">
		<id column="id" property="id" jdbcType="INTEGER" />
		<result column="name" property="name" jdbcType="VARCHAR" />
		<result column="state" property="state" jdbcType="VARCHAR" />
		<result column="url" property="url" jdbcType="VARCHAR" />
		<result column="parent_id" property="parentId" jdbcType="INTEGER" />
		<result column="create_time" property="createTime" jdbcType="TIMESTAMP" />
		<result column="update_time" property="updateTime" jdbcType="TIMESTAMP" />
	</resultMap>
	<sql id="Base_Column_List">
		id, name, state, url, parent_id, create_time, update_time
	</sql>
	<select id="selectByPrimaryKey" resultMap="BaseResultMap" parameterType="java.lang.Integer">
		select
		<include refid="Base_Column_List" />
		from admin_function
		where id = #{id,jdbcType=INTEGER}
	</select>
  
	<delete id="deleteByPrimaryKey" parameterType="java.lang.Integer">
		delete from admin_function where id = #{id,jdbcType=INTEGER}
	</delete>
	
	<insert id="insertSelective" parameterType="com.tortuousroad.admin.security.entity.AdminFunction">
		<selectKey resultType="java.lang.Long" keyProperty="id" order="AFTER">
			SELECT LAST_INSERT_ID()
		</selectKey>
		insert into admin_function
		<trim prefix="(" suffix=")" suffixOverrides=",">
			<if test="id != null">
				id,
			</if>
			<if test="name != null">
				name,
			</if>
			<if test="state != null">
				state,
			</if>
			<if test="url != null">
				url,
			</if>
			<if test="parentId != null">
				parent_id,
			</if>
			<if test="createTime != null">
				create_time,
			</if>
			<if test="updateTime != null">
				update_time,
			</if>
		</trim>
		<trim prefix="values (" suffix=")" suffixOverrides=",">
			<if test="id != null">
				#{id,jdbcType=INTEGER},
			</if>
			<if test="name != null">
				#{name,jdbcType=VARCHAR},
			</if>
			<if test="state != null">
				#{state,jdbcType=VARCHAR},
			</if>
			<if test="url != null">
				#{url,jdbcType=VARCHAR},
			</if>
			<if test="parentId != null">
				#{parentId,jdbcType=VARCHAR},
			</if>
			<if test="createTime != null">
				#{createTime,jdbcType=TIMESTAMP},
			</if>
			<if test="updateTime != null">
				#{updateTime,jdbcType=TIMESTAMP},
			</if>
		</trim>
	</insert>
  
	<update id="updateByPrimaryKeySelective" parameterType="com.tortuousroad.admin.security.entity.AdminFunction">
		update admin_function
		<set>
			<if test="name != null">
				name = #{name,jdbcType=VARCHAR},
			</if>
			<if test="state != null">
				state = #{state,jdbcType=VARCHAR},
			</if>
			<if test="url != null">
				url = #{url,jdbcType=VARCHAR},
			</if>
			<if test="parentId != null">
				parent_id = #{parentId,jdbcType=VARCHAR},
			</if>
			<if test="createTime != null">
				create_time = #{createTime,jdbcType=TIMESTAMP},
			</if>
			<if test="updateTime != null">
				update_time = #{updateTime,jdbcType=TIMESTAMP},
			</if>
		</set>
		where id = #{id,jdbcType=INTEGER}
	</update>
  
	<select id="selectPageFunctions" resultMap="BaseResultMap">
		SELECT <include refid="Base_Column_List"/> FROM admin_function 
		where 1 = 1 
		<if test="name != null">   
        	and name like '%' #{name,jdbcType=VARCHAR} '%'
    	</if>
    	<if test="url != null">
        	and url like '%' #{url,jdbcType=VARCHAR} '%'
    	</if>
    	<if test="parentId != null">
			and parent_id = #{parentId,jdbcType=VARCHAR}
		</if>
    	<if test="startTime != null">
        	and create_time &gt;= #{startTime,jdbcType=TIMESTAMP}
    	</if>
    	<if test="endTime != null">   
        	and create_time &lt;= #{endTime,jdbcType=TIMESTAMP}
    	</if>
	</select>
	
	<select id="countPageFunctions" resultType="java.lang.Long" parameterType="java.lang.Integer">
		SELECT count(*) FROM admin_function 
		where 1 = 1 
		<if test="name != null">   
        	and name like '%' #{name,jdbcType=VARCHAR} '%'
    	</if>
    	<if test="url != null">
        	and url like '%' #{url,jdbcType=VARCHAR} '%'
    	</if>
    	<if test="parentId != null">
			and parent_id = #{parentId,jdbcType=VARCHAR}
		</if>
    	<if test="startTime != null">
        	and create_time &gt;= #{startTime,jdbcType=TIMESTAMP}
    	</if>
    	<if test="endTime != null">   
        	and create_time &lt;= #{endTime,jdbcType=TIMESTAMP}
    	</if>
	</select>
	
	<select id="selectAll" resultMap="BaseResultMap">
		select
		<include refid="Base_Column_List" />
		from admin_function
	</select>
</mapper>